feature,abl_auc,abl_delta
feature_00,0.9792,-0.0194
feature_01,0.9828,-0.0158
feature_02,0.9876,-0.011
feature_03,0.9737,-0.0249
feature_04,0.96,-0.0386
feature_05,0.9804,-0.0182
feature_06,0.9789,-0.0197
feature_07,0.9864,-0.0122
feature_08,0.9944,-0.0042
feature_09,0.9941,-0.0045
feature_10,0.9946,-0.004
feature_11,0.9981,-0.0005
feature_12,0.9962,-0.0024
feature_13,0.997,-0.0016
feature_14,0.9979,-0.0007
